Categorias,Perfis,Serviços,URL
Cadastro,Cidadão,Portal ICMS Transparente – Cadastro de Pessoa Física não Contribuintes do ICMS,http://www.catalogo.sefaz.ms.gov.br/cadastro-no-portal-icms-transparente-de-pf-ou-pj-nao-contribuintes-icms/
Cadastro,Cidadão,Portal ICMS Transparente – Cadastro de Contabilistas – Inclusão e alteração de dados do contabilista,http://www.catalogo.sefaz.ms.gov.br/cadastro-de-contabilistas/
Cadastro,Cidadão,Solicitação de Nova Inscrição Estadual para Artesão,https://servicos.efazenda.ms.gov.br/cadastroonline/solicitacao/home/logincci
Cadastro,Cidadão,Solicitação de Nova Inscrição Estadual para Transportador Autônomo de Cargas,https://servicos.efazenda.ms.gov.br/cadastroonline/solicitacao/home/logincci
Certidões e Declarações Tributárias,Cidadão,Declaração de Compras para aquisições interestaduais de materiais de construção por consumidor final não contribuinte do ICMS ou por empresas do ramo da construção civil,http://www.catalogo.sefaz.ms.gov.br/declaracao-de-compras-para-aquisicoes-interestaduais-de-materiais-de-construcao-por-consumidor-final-nao-contribuinte-do-icms-ou-por-empresas-do-ramo-da-construcao-civil/
Certidões e Declarações Tributárias,Cidadão,Certidão Tributária Estadual – Emissão (Certidão Circunstanciada de Débitos Estaduais),https://www.catalogo.sefaz.ms.gov.br/certidao-tributaria-estadual-emissao-certidao-circunstanciada-de-debitos-estaduais/
Certidões e Declarações Tributárias,Cidadão,Certidão Tributária Estadual – Emissão (Certidão Positiva de Débitos Estaduais),https://www.catalogo.sefaz.ms.gov.br/certidao-tributaria-estadual-emissao-certidao-positiva-de-debitos-estaduais/
Certidões e Declarações Tributárias,Cidadão,Requerimento da Certidão Positiva ou Circunstanciada,https://www.sefaz.ms.gov.br/wp-content/uploads/2023/05/Ficha_Requerimento_da_Certidao_Positiva_ou_Circunstanciada.pdf
Emissão de Documento de Documento de Arrecadação Estadual de MS – DAEMS,Cidadão,Documento de Arrecadação do Estado de Mato Grosso do Sul (DAEMS) – Emissão,https://www.catalogo.sefaz.ms.gov.br/documento-de-arrecadacao-do-estado-de-mato-grosso-do-sul-daems-emissao/
Emissão de Documento de Documento de Arrecadação Estadual de MS – DAEMS,Cidadão,Documento de Arrecadação do Estado de Mato Grosso do Sul (DAEMS) – Retificação ou Apostilamento,https://www.catalogo.sefaz.ms.gov.br/documento-de-arrecadacao-do-estado-de-mato-grosso-do-sul-daems-retificacao-ou-apostilamento/
Serviços,Cidadão,Serviços de A a Z,http://www.catalogo.sefaz.ms.gov.br/servicos-de-a-a-z/
Serviços,Cidadão,Carta de Serviços da SEFAZ/MS,http://www.catalogo.sefaz.ms.gov.br/
Serviços,Cidadão,Carta de Serviços do Governo do Estado,http://www.cartasdeservicos.ms.gov.br/
Serviços,Cidadão,TVF/TA – Termos de Verificação Fiscal ou Apreensão – Baixa ou alteração,http://www.autoatendimento.ms.gov.br/tvf/
Serviços,Cidadão,Informações Fiscais e Cadastrais – Solicitação,https://www.catalogo.sefaz.ms.gov.br/informacoes-fiscais-e-cadastrais-solicitacao/
Serviços,Cidadão,Restituição do indébito tributário – Pedido,http://www.catalogo.sefaz.ms.gov.br/pedido-de-restituicao-de-valores-pagos-indevidamente/
Serviços,Cidadão,Restituição de valores tributários – Impugnação a despacho denegatório de pedido de restituição,https://www.catalogo.sefaz.ms.gov.br/restituicao-do-indebito-tributario-impugnacao-em-face-de-despacho-denegatorio-de-pedido-de-restituicao/
Serviços,Cidadão,Denúncia Espontânea – Solicitação,https://www.catalogo.sefaz.ms.gov.br/denuncia-espontanea-solicitacao/
Serviços,Cidadão,Comunicação pelo Contabilista das hipóteses de que trata o inciso III do artigo 1º da Portaria/SAT Nº 1.834/ 2007,https://www.catalogo.sefaz.ms.gov.br/comunicacao-pelo-contabilista-das-hipoteses-de-que-trata-o-inciso-iii-do-artigo-1o-da-portaria-sat-no-1-834-2007/
Serviços,Cidadão,Pendências fiscais e/ou cadastrais – Regularização,https://www.catalogo.sefaz.ms.gov.br/pendencias-fiscais-e-ou-cadastrais-regularizacao/
Serviços,Cidadão,Cadastro no Portal ICMS Transparente,https://efazenda.servicos.ms.gov.br/e-fazenda/inicio.aspx
Serviços,Cidadão,Parcelamentos,https://www.catalogo.sefaz.ms.gov.br/Geral/fiscalizacao/parcelamentos-fiscalizacao/
Serviços,Cidadão,Mercadoria Recolhida para Leilão – Entrega ou liberação,https://www.catalogo.sefaz.ms.gov.br/mercadoria-recolhida-para-leilao-entrega-ou-liberacao/
Serviços,Cidadão,Impugnação ao Índice de Participação dos Municípios (IPM),https://www.catalogo.sefaz.ms.gov.br/impugnacao-ao-indice-de-participacao-dos-municipios-ipm/
Serviços,Cidadão,Calculadora de Frete,https://servicos.efazenda.ms.gov.br/calculafrete
Serviços,Cidadão,Destinatários habilitados para receber produtos agrícolas com suspensão/diferimento (Decreto 9.895/2000),https://servicos.efazenda.ms.gov.br/consultapublicagraos
Consulta Tributária,Cidadão,Consulta Tributária,http://www.catalogo.sefaz.ms.gov.br/consulta-tributaria/
ICMS,Cidadão,"ICMS – Cálculo para recolhimento espontâneo (Normal, Transporte, Equalização e Substituição Tributária)",http://www.catalogo.sefaz.ms.gov.br/calculo-para-recolhimento-espontaneo-de-icms/
ICMS,Cidadão,ICMS – Isenção na aquisição de automóvel novo para portadores de deficiência física ou visual,https://www.catalogo.sefaz.ms.gov.br/icms-isencao-na-aquisicao-de-automovel-novo-para-portadores-de-deficiencia-fisica-ou-visual/
ICMS,Cidadão,"ICMS – Isenção na aquisição de automóvel novo para portadores de deficiência mental, síndrome de Down ou autista",https://www.catalogo.sefaz.ms.gov.br/icms-isencao-na-aquisicao-de-automovel-novo-para-portadores-de-deficiencia-mental-e-autista/
ICMS,Cidadão,"ICMS – Liberação da entrada de mercadorias procedentes de outras Unidades da Federação e destinadas à demonstração em feiras e eventos realizados no Estado, com suspensão da cobrança do ICMS",http://www.catalogo.sefaz.ms.gov.br/liberacao-da-entrada-de-mercadorias-com-suspensao-da-cobranca-do-icms-procedentes-de-outras-unidades-da-federacao-e-destinadas-a-demonstracao-em-feiras-e-eventos-realizados-no-estado/
ICMS,Cidadão,ICMS – Prorrogação de prazo para retorno de mercadorias ou bens remetidos ou recebidos com suspensão ou não incidência do imposto,http://www.catalogo.sefaz.ms.gov.br/prorrogacao-de-prazo-para-retorno-de-mercadorias-ou-bens-remetidos-ou-recebidos-com-suspensao-ou-nao-incidencia-do-icms-2/
ICMS,Cidadão,ICMS Importação – Isenção sobre operações de importação de bens destinados à pesquisa científica e tecnológica,http://www.catalogo.sefaz.ms.gov.br/icms-isencao-sobre-as-operacoes-de-importacao-de-bens-destinados-a-pesquisa-cientifica-e-tecnologica/
ICMS,Cidadão,ICMS Importação – Suspensão da Cobrança do Imposto nas Operações sob Regime Especial Aduaneiro de Admissão Temporária,http://www.catalogo.sefaz.ms.gov.br/icms-importacao-suspensao-da-cobranca-do-imposto-nas-operacoes-sob-regime-especial-aduaneiro-de-admissao-temporaria/
Acesso ao Portal,Cidadão,Portal ICMS Transparente – Cadastro de Pessoa Física não Contribuintes do ICMS,http://www.catalogo.sefaz.ms.gov.br/cadastro-no-portal-icms-transparente-de-pf-ou-pj-nao-contribuintes-icms/
Acesso ao Portal,Cidadão,Portal ICMS Transparente – Cadastro de Contabilistas – Inclusão e alteração de dados do contabilista,http://www.catalogo.sefaz.ms.gov.br/cadastro-de-contabilistas/
IPVA,Cidadão,IPVA – Alegação/comunicação de venda de veículo,https://www.catalogo.sefaz.ms.gov.br/ipva-alegacao-comunicacao-de-venda-de-veiculo/
IPVA,Cidadão,IPVA – Apreensão – cancelamento de débitos de IPVA em virtude de apreensão veicular,https://www.catalogo.sefaz.ms.gov.br/ipva-apreensao-cancelamento-de-debitos-de-ipva-em-virtude-de-apreensao-veicular/
IPVA,Cidadão,IPVA – Desvinculação de débitos – doação de veículos para órgãos ou entes imunes,https://www.catalogo.sefaz.ms.gov.br/ipva-desvinculacao-de-debitos-doacao-de-veiculos-para-orgaos-ou-entes-imunes/
IPVA,Cidadão,IPVA – Desvinculação de débitos anteriores para veículos adquiridos em leilão,http://www.catalogo.sefaz.ms.gov.br/ipva-dispensa-de-pagamento-para-veiculos-adquiridos-em-leilao-3/
IPVA,Cidadão,IPVA – Desvinculação de débitos anteriores para veículos adquiridos em leilão – Exclusivamente Administrações Públicas e Leiloeiros Oficiais,https://www.catalogo.sefaz.ms.gov.br/ipva-desvinculacao-de-debitos-anteriores-para-veiculos-adquiridos-em-leilao-exclusivamente-administracoes-publicas-e-leiloeiros-oficiais/
IPVA,Cidadão,IPVA – Imunidade,http://www.catalogo.sefaz.ms.gov.br/ipva-imunidade/
IPVA,Cidadão,IPVA – Inutilização/Perecimento – Cancelamento de débitos em virtude de inutilização ou perecimento de veículo automotor,https://www.catalogo.sefaz.ms.gov.br/ipva-inutilizacao-perecimento-cancelamento-de-debitos-em-virtude-de-inutilizacao-ou-perecimento-de-veiculo-automotor/
IPVA,Cidadão,IPVA – Isenção 2022 – Decreto nº 15.703/2021,https://www.catalogo.sefaz.ms.gov.br/ipva-isencao-2022-decreto-no-15-703-2021/
IPVA,Cidadão,"IPVA – Isenção para veículo rodoviário utilizado como táxi, com capacidade para até cinco pessoas",https://www.catalogo.sefaz.ms.gov.br/ipva-isencao-para-veiculo-rodoviario-utilizado-como-taxi-com-capacidade-para-ate-cinco-pessoas/
IPVA,Cidadão,"IPVA – Isenções, exceto para veículo rodoviário utilizado como táxi",http://www.catalogo.sefaz.ms.gov.br/isencoes-de-ipva-exceto-para-veiculo-rodoviario-utilizado-como-taxi/
IPVA,Cidadão,IPVA – Pedido de restituição,http://www.catalogo.sefaz.ms.gov.br/ipva-restituicao-de-ipva-pago-em-duplicidade-3/
IPVA,Cidadão,IPVA – Reclamação/impugnação do lançamento de IPVA de veículos usados – alteração do valor venal (base de cálculo),https://www.catalogo.sefaz.ms.gov.br/ipva-reclamacao-impugnacao-do-lancamento-de-ipva-de-veiculos-usados-alteracao-do-valor-venal-base-de-calculo/
IPVA,Cidadão,IPVA – Redução da Base de Cálculo do IPVA para veículos de Frotista,http://www.catalogo.sefaz.ms.gov.br/ipva-reducao-da-base-de-calculo-do-ipva-para-veiculos-de-frotista/
IPVA,Cidadão,IPVA – Redução do IPVA para proprietário ou possuidor paraplégico ou portador de deficiência física,http://www.catalogo.sefaz.ms.gov.br/reducao-do-ipva-para-proprietario-de-veiculo-paraplegico-ou-portador-de-deficiencia-fisica/
IPVA,Cidadão,IPVA – Autoparcelamento,https://servicos.efazenda.ms.gov.br/ipvapublico/Home/Index
IPVA,Cidadão,"IPVA – Roubo, Furto ou Apropriação Indébita – Cancelamento de débitos de IPVA em virtude de roubo, furto ou apropriação indébita",https://www.catalogo.sefaz.ms.gov.br/ipva-roubo-furto-ou-apropriacao-indebita-cancelamento-de-debitos-de-ipva-em-virtude-de-roubo-furto-ou-apropriacao-indebita/
ITCD,Cidadão,ITCD Causa Mortis – Solicitação de cálculo do imposto sobre inventário (judicial e extrajudicial) e arrolamento,http://www.catalogo.sefaz.ms.gov.br/solicitacao-de-calculo-do-itcd-sobre-inventario-judicial-e-extrajudicial-e-arrolamento/
ITCD,Cidadão,ITCD Causa Mortis e Doações – Pedido de Parcelamento de Débito (PPD),http://www.catalogo.sefaz.ms.gov.br/pedido-de-parcelamento-de-debito-relativo-ao-itcd-causa-mortis/
ITCD,Cidadão,ITCD Causa Mortis e Doações – Reclamação Administrativa,https://www.catalogo.sefaz.ms.gov.br/itcd-causa-mortis-e-doacoes-reclamacao-administrativa/
ITCD,Cidadão,ITCD Doações – Solicitação de cálculo do imposto nas doações de quaisquer bens e direitos,http://www.catalogo.sefaz.ms.gov.br/solicitacao-de-calculo-do-imposto-itcd-nas-doacoes-de-quaisquer-bens-e-direitos/
Nota Fiscal Avulsa Eletrônica,Cidadão,Nota Fiscal Avulsa Eletrônica (NFA-e) – Cancelamento dentro do prazo de 24h,https://www.catalogo.sefaz.ms.gov.br/nota-fiscal-avulsa-eletronica-nfa-e-cancelamento-dentro-do-prazo-de-24h/
Nota Fiscal Avulsa Eletrônica,Cidadão,Nota Fiscal Avulsa Eletrônica (NFA-e) – Cancelamento extemporâneo,https://www.catalogo.sefaz.ms.gov.br/nota-fiscal-avulsa-eletronica-nfa-e-cancelamento-extemporaneo/
Nota Fiscal Avulsa Eletrônica,Cidadão,Nota Fiscal Avulsa Eletrônica (NFA–e) – Emissão,http://www.catalogo.sefaz.ms.gov.br/emissao-nota-fiscal-avulsa-eletronica-nfa-e/
Nota Fiscal Avulsa Eletrônica,Cidadão,Nota Fiscal de Produtor eletrônica (NFP–e) / Nota Fiscal Avulsa eletrônica (NFA–e) – Emissão de Carta de Correção Eletrônica (CC–e),http://www.catalogo.sefaz.ms.gov.br/nota-fiscal-de-produtor-eletronica-nfp-e-nota-fiscal-avulsa-eletronica-nfa-e-emissao-de-carta-de-correcao-eletronica-cc-e/
Nota Fiscal Avulsa Eletrônica,Cidadão,Procuração – Comunicação de cancelamento,http://www.catalogo.sefaz.ms.gov.br/cancelamento-de-procuracao-2/
Nota Fiscal Avulsa Eletrônica,Cidadão,Restituição do indébito tributário – Pedido,http://www.catalogo.sefaz.ms.gov.br/pedido-de-restituicao-de-valores-pagos-indevidamente/
Nota Fiscal Avulsa Eletrônica,Cidadão,Termo de Verificação Fiscal (TVF) ou Termo de Apreensão (TA) – Baixa ou alteração,http://www.catalogo.sefaz.ms.gov.br/termo-de-verificacao-fiscal-tvf-ou-termo-de-apreensao-ta-baixa-ou-alteracao/
Nota Fiscal Avulsa Eletrônica,Cidadão,Termo de Verificação Fiscal de Exportação (TVF–Exportação) – Baixa,http://www.catalogo.sefaz.ms.gov.br/termo-de-verificacao-fiscal-de-exportacao-tvf-exportacao-baixa/
Nota Fiscal Avulsa Eletrônica,Cidadão,Valor Real Pesquisado – VRP / PMPF – Preço Médio Ponderado ao Consumidor Final – Atualização da lista do preço médio ponderado,http://www.catalogo.sefaz.ms.gov.br/valor-real-pesquisado-vrp-atualizacao-da-tabela-2/
Taxista,Cidadão,ICMS – Isenção na aquisição de automóvel novo de passageiros para taxista,http://www.catalogo.sefaz.ms.gov.br/icms-isencao-na-aquisicao-de-automovel-de-passageiros-para-taxista/
Taxista,Cidadão,ICMS – Isenção na aquisição de motocicleta nova para mototaxista ou moto–entregador,http://www.catalogo.sefaz.ms.gov.br/icms-isencao-do-icms-nas-aquisicoes-de-motocicleta-para-mototaxista-ou-moto-entregador/
Guias de Trânsito e de Liberação de Mercadoria Estrangeira,Cidadão,Guia de Trânsito – Baixa intempestiva,http://www.catalogo.sefaz.ms.gov.br/baixa-intempestiva-de-guia-de-transito/
Guias de Trânsito e de Liberação de Mercadoria Estrangeira,Cidadão,Guia de Trânsito Suspensa – Prorrogação do prazo de suspensão,http://www.catalogo.sefaz.ms.gov.br/guia-de-transito-suspensa-prorrogacao-do-prazo-de-suspensao/
Guias de Trânsito e de Liberação de Mercadoria Estrangeira,Cidadão,Guia para Liberação de Mercadoria Estrangeira sem Comprovação do Recolhimento do ICMS (GLME) – Análise e concessão de visto,http://www.catalogo.sefaz.ms.gov.br/guia-de-liberacao-de-mercadoria-estrangeira-sem-comprovacao-do-recolhimento-do-icms-glme-analise-e-concessao-de-visto/
Canais de Atendimento,Cidadão,Fale Conosco,http://www.faleconosco.ms.gov.br/faleconosco/login/login.jsf
Canais de Atendimento,Cidadão,Ouvidoria,https://www.sefaz.ms.gov.br/canais-de-denuncia
Auto de Lançamento e Processo Administrativo Tributário,Cidadão,Auto de Lançamento e de Imposição de Multa (ALIM) – Impugnação,http://www.catalogo.sefaz.ms.gov.br/impugnacao-ao-auto-de-lancamento-e-de-imposicao-de-multa-alim/
Auto de Lançamento e Processo Administrativo Tributário,Cidadão,"Auto de Lançamento e de Imposição de Multa (ALIM), MOD. 1 – Solicitação de lavratura",http://www.catalogo.sefaz.ms.gov.br/auto-de-lancamento-e-de-imposicao-de-multa-alim-mod-1-solicitacao-de-lavratura/
Auto de Lançamento e Processo Administrativo Tributário,Cidadão,"Auto de Lançamento e de Imposição de Multa (ALIM), MOD. 2 – Solicitação de lavratura referente a T.V.F. e/ou T.A.",http://www.catalogo.sefaz.ms.gov.br/solicitacao-de-lavratura-de-alim-serie-m/
Auto de Lançamento e Processo Administrativo Tributário,Cidadão,"Auto de Lançamento e de Imposição de Multa (ALIM), MOD. 2 – Solicitação de Lavratura referente a Termo de Apreensão (TA), conforme art. 4º da Instrução Normativa/SAT Nº 001, de 23 de janeiro de 2020",http://www.catalogo.sefaz.ms.gov.br/auto-de-lancamento-e-de-imposicao-de-multa-alim-mod-2-solicitacao-de-lavratura-referente-a-termo-de-apreensao-ta-conforme-art-4o-da-instrucao-normativa-sat-no-001-de-23-de-janeiro-d/
Auto de Lançamento e Processo Administrativo Tributário,Cidadão,Processo Administrativo Tributário (PAT) – Aditamento de razões pelo sujeito passivo,http://www.catalogo.sefaz.ms.gov.br/aditamento-de-razoes-pelo-sujeito-passivo/
Auto de Lançamento e Processo Administrativo Tributário,Cidadão,Processo Administrativo Tributário (PAT) – Interposição de Agravo em face da não admissibilidade da impugnação pela 1ª instância,http://www.catalogo.sefaz.ms.gov.br/agravo-em-face-da-nao-admissibilidade-da-impugnacao/
Auto de Lançamento e Processo Administrativo Tributário,Cidadão,Processo Administrativo Tributário (PAT) – Interposição de Pedido de Esclarecimento em face do resultado de julgamento em 1ª ou 2ª instância,http://www.catalogo.sefaz.ms.gov.br/pedido-de-esclarecimento-em-face-do-resultado-das-decisoes-em-1a-ou-2a-instancia/
Auto de Lançamento e Processo Administrativo Tributário,Cidadão,Processo Administrativo Tributário (PAT) – Interposição de Recurso Especial ao Tribunal Administrativo Tributário (TAT) em face de decisão proferida em 2ª Instância,http://www.catalogo.sefaz.ms.gov.br/recurso-especial-apresentado-contra-decisao-proferida-em-2a-instancia/
Auto de Lançamento e Processo Administrativo Tributário,Cidadão,Processo Administrativo Tributário (PAT) – Interposição de Recurso Voluntário ao Tribunal Administrativo Tributário (TAT) em face de decisão proferida em 1ª Instância,http://www.catalogo.sefaz.ms.gov.br/recurso-voluntario-apresentado-contra-decisao-proferida-em-1a-instancia/
Auto de Lançamento e Processo Administrativo Tributário,Cidadão,Processo Administrativo Tributário (PAT) – Manifestações em face de despacho saneador,http://www.catalogo.sefaz.ms.gov.br/manifestacoes-em-face-de-despacho-saneador/
Auto de Lançamento e Processo Administrativo Tributário,Cidadão,Processo Administrativo Tributário (PAT) – Pedido de esclarecimento em face da decisão de admissibilidade de recurso especial proferida pelo presidente do Tribunal Administrativo Tributário,http://www.catalogo.sefaz.ms.gov.br/processo-administrativo-tributario-pat-pedido-de-esclarecimento-em-face-da-decisao-de-admissibilidade-de-recurso-especial-proferida-pelo-presidente-do-tribunal-administrativo-tributario/
Auto de Lançamento e Processo Administrativo Tributário,Cidadão,"Processo Administrativo Tributário (PAT) – Solicitação de vista, cópias ou certidões",http://www.catalogo.sefaz.ms.gov.br/processos-adminstrativos-tributarios-solicitacao-de-vistas-copias-eou-certidoes/
Emissão de Documento de Documento de Arrecadação Estadual de MS – DAEMS,Produtor Rural,Documento de Arrecadação do Estado de Mato Grosso do Sul (DAEMS) – Emissão,https://www.catalogo.sefaz.ms.gov.br/documento-de-arrecadacao-do-estado-de-mato-grosso-do-sul-daems-emissao/
Emissão de Documento de Documento de Arrecadação Estadual de MS – DAEMS,Produtor Rural,Documento de Arrecadação do Estado de Mato Grosso do Sul (DAEMS) – Retificação ou Apostilamento,http://www.catalogo.sefaz.ms.gov.br/daems-documento-de-arrecadacao-do-estado-de-mato-grosso-do-sul-retificacao-ou-apostilamento/
Regimes Especiais e Autorizações Específicas,Produtor Rural,"Autorização Específica – Aquisição de milho e soja para uso na ração animal, com diferimento do ICMS",http://www.catalogo.sefaz.ms.gov.br/autorizacao-especifica-recebimento-de-milho-e-soja-para-uso-na-racao-animal-com-diferimento-do-icms/
"Certidões, Atestados, Homologações e Declarações Tributárias",Produtor Rural,Termo de Responsabilidade Técnica do Contribuinte e Contabilista,https://servicos.efazenda.ms.gov.br/downloads/arq/Termo-de-Responsabilidade-T%C3%A9cnica-do-contribuinte-e-contador.doc
"Certidões, Atestados, Homologações e Declarações Tributárias",Produtor Rural,Requerimento da Certidão Positiva ou Circunstanciada,https://www.sefaz.ms.gov.br/wp-content/uploads/2023/05/Ficha_Requerimento_da_Certidao_Positiva_ou_Circunstanciada.pdf
Serviços,Produtor Rural,Denúncia Espontânea – Solicitação,http://www.catalogo.sefaz.ms.gov.br/pedido-de-denuncia-espontanea/
Serviços,Produtor Rural,ICMS – Prorrogação de prazo para retorno de mercadorias ou bens remetidos ou recebidos com suspensão ou não incidência do imposto,http://www.catalogo.sefaz.ms.gov.br/prorrogacao-de-prazo-para-retorno-de-mercadorias-ou-bens-remetidos-ou-recebidos-com-suspensao-ou-nao-incidencia-do-icms-2/
Serviços,Produtor Rural,Pendências fiscais e/ou cadastrais – Regularização,http://www.catalogo.sefaz.ms.gov.br/regularizacao-de-pendencias/
Serviços,Produtor Rural,Informações Fiscais e Cadastrais – Solicitação,http://www.catalogo.sefaz.ms.gov.br/informacoes-fiscais-e-cadastrais-solicitacao-2/
Serviços,Produtor Rural,TVF/TA – Termos de Verificação Fiscal ou Apreensão – Baixa ou alteração,http://www.autoatendimento.ms.gov.br/tvf/
Serviços,Produtor Rural,SOCRED – Solicitação de Crédito Fiscal do ICMS referente a operações e prestações relacionadas a produtos e à atividade agropecuária,http://www.catalogo.sefaz.ms.gov.br/restituicao-e-utilizacao-de-credito-fiscal/
Serviços,Produtor Rural,Fale Conosco,http://www.catalogo.sefaz.ms.gov.br/fale-conosco/
Serviços,Produtor Rural,SMEPA – Baixa de Notificação,http://www.catalogo.sefaz.ms.gov.br/smepa-baixa-de-notificacao/
Serviços,Produtor Rural,Pedido de Parcelamento de Débito (PPD) Relativo ao ICMS – Autoparcelamento,https://www.catalogo.sefaz.ms.gov.br/pedido-de-parcelamento-de-debito-ppd-relativo-ao-icms-autoparcelamento/
Serviços,Produtor Rural,Calculadora de Frete,https://servicos.efazenda.ms.gov.br/calculafrete
Serviços,Produtor Rural,Consulta Cadastro Agropecuária (CAP),https://servicos.efazenda.ms.gov.br/consultacap
Serviços,Produtor Rural,Destinatários habilitados para receber produtos agrícolas com suspensão/diferimento (Decreto 9.895/2000),https://servicos.efazenda.ms.gov.br/consultapublicagraos
Cadastros,Produtor Rural,Cadastro da Agropecuária (CAP) – Inscrição de Produtor Rural,http://www.catalogo.sefaz.ms.gov.br/inscricao-de-produtor-rural/
Cadastros,Produtor Rural,Cadastro da Agropecuária (CAP) – Alteração de dados cadastrais,http://www.catalogo.sefaz.ms.gov.br/atualizacao-do-cadastro-do-produtor-rural/
Cadastros,Produtor Rural,Cadastro da Agropecuária (CAP) – Baixa da Inscrição Estadual,http://www.catalogo.sefaz.ms.gov.br/baixa-da-inscricao-estadual-de-produtor-rural/
Cadastros,Produtor Rural,Cadastro da Agropecuária (CAP) – Reativação da Inscrição Estadual,http://www.catalogo.sefaz.ms.gov.br/reativacao-da-inscricao-estadual-da-agropecuaria-cap/
Cadastros,Produtor Rural,Cadastro da Agropecuária (CAP) – Reativação de inscrição estadual suspensa por vencimento de contrato,http://www.catalogo.sefaz.ms.gov.br/reativacao-da-inscricao-estadual-de-produtor-suspensa-por-vencimento-de-contrato/
Cadastros,Produtor Rural,Cadastro da Agropecuária (CAP) – Suspensão temporária da inscrição estadual a pedido do contribuinte e sua prorrogação,http://www.catalogo.sefaz.ms.gov.br/suspensao-temporaria-da-inscricao-de-produtor-rural-a-pedido-do-contribuinte/
Documentos Fiscais Eletrônicos,Produtor Rural,Nota Fiscal de Produtor Eletrônica (NFP–e) – Emissão,http://www.catalogo.sefaz.ms.gov.br/emissao-de-nota-fiscal-de-produtor-eletronica-nfp-e/
Documentos Fiscais Eletrônicos,Produtor Rural,"Nota Fiscal de Produtor, Série Especial (NFP/SE) – Impressão de Formulário",http://www.catalogo.sefaz.ms.gov.br/solicitacao-de-impressao-de-formulario-de-nota-fiscal-do-produtor-serie-especial-nfpse/
Documentos Fiscais Eletrônicos,Produtor Rural,"Nota Fiscal de Produtor, Série Especial (NFP/SE) – Prestação de contas de notas emitidas e não baixadas automaticamente ou canceladas",http://www.catalogo.sefaz.ms.gov.br/prestacao-de-conta-de-nota-fiscal-de-produtor-serie-especial-nfpse/
Documentos Fiscais Eletrônicos,Produtor Rural,Nota Fiscal de Produtor Eletrônica (NFP–e) – Cancelamento dentro do prazo de 24h,http://www.catalogo.sefaz.ms.gov.br/cancelamento-nota-fiscal-de-produtor-eletronica-nfp-e/
Documentos Fiscais Eletrônicos,Produtor Rural,Nota Fiscal de Produtor Eletrônica (NFP–e) – Cancelamento extemporâneo,http://www.catalogo.sefaz.ms.gov.br/cancelamento-de-nota-fiscal-de-produtor-eletronica-nfp-e-fora-do-prazo/
Documentos Fiscais Eletrônicos,Produtor Rural,Nota Fiscal de Produtor Eletrônica (NFP–e) – Desbloqueio para emissão,http://www.catalogo.sefaz.ms.gov.br/desbloqueio-para-emissao-de-nota-fiscal-de-produtor-eletronica-nfp-e/
Documentos Fiscais Eletrônicos,Produtor Rural,"Nota Fiscal de Produtor, Série Especial (NFP/SE) – Desbloqueio para impressão de Formulário",http://www.catalogo.sefaz.ms.gov.br/nota-fiscal-de-produtor-serie-especial-nfp-se-desbloqueio-para-impressao-de-formulario/
Documentos Fiscais Eletrônicos,Produtor Rural,Nota Fiscal de Produtor Eletrônica (NFP–e) – Cancelamento extemporâneo (não autorizado on–line),http://www.catalogo.sefaz.ms.gov.br/nota-fiscal-de-produtor-eletronica-nfp-e-cancelamento-extemporaneo-nao-autorizado-on-line/
Documentos Fiscais Eletrônicos,Produtor Rural,Nota Fiscal de Produtor eletrônica (NFP–e) / Nota Fiscal Avulsa eletrônica (NFA–e) – Emissão de Carta de Correção Eletrônica (CC–e),http://www.catalogo.sefaz.ms.gov.br/nota-fiscal-de-produtor-eletronica-nfp-e-nota-fiscal-avulsa-eletronica-nfa-e-emissao-de-carta-de-correcao-eletronica-cc-e/
"Certidões, Atestados, Homologações e Declarações Tributárias",Empresa,Atestado de Inexistência para fins de diferimento do ICMS Diferencial de Alíquotas e de Importação na aquisição de máquinas e equipamentos industriais – Termo de Acordo,http://www.catalogo.sefaz.ms.gov.br/atestado-de-inexistencia-para-fins-de-diferimento-do-icms-diferencial-de-aliquotas-e-de-importacao-na-aquisicao-de-maquinas-e-equipamentos-industriais/
"Certidões, Atestados, Homologações e Declarações Tributárias",Empresa,Certidão de Registro e Depósito Convênio 190 – Emissão,http://www.catalogo.sefaz.ms.gov.br/certidao-de-registro-e-deposito-convenio-190-emissao/
"Certidões, Atestados, Homologações e Declarações Tributárias",Empresa,Declaração de Compras para aquisições interestaduais de materiais de construção por consumidor final não contribuinte do ICMS ou por empresas do ramo da construção civil,http://www.catalogo.sefaz.ms.gov.br/declaracao-de-compras-para-aquisicoes-interestaduais-de-materiais-de-construcao-por-consumidor-final-nao-contribuinte-do-icms-ou-por-empresas-do-ramo-da-construcao-civil/
"Certidões, Atestados, Homologações e Declarações Tributárias",Empresa,"Homologação de Crédito por Venda de Medicamentos entre Laboratório e seu Distribuidor Exclusivo, nos Termos do Decreto 12.415/07 ao Estado do Mato Grosso do Sul",http://www.catalogo.sefaz.ms.gov.br/homologacao-de-credito-por-venda-de-medicamentos-entre-laboratorio-e-seu-distribuidor-exclusivo-nos-termos-do-decreto-12-415-07-ao-estado-do-mato-grosso-do-sul/
"Certidões, Atestados, Homologações e Declarações Tributárias",Empresa,Termo de Responsabilidade Técnica do Contribuinte e Contabilista,https://servicos.efazenda.ms.gov.br/downloads/arq/Termo-de-Responsabilidade-T%C3%A9cnica-do-contribuinte-e-contador.doc
"Certidões, Atestados, Homologações e Declarações Tributárias",Empresa,Requerimento da Certidão Positiva ou Circunstanciada,https://www.sefaz.ms.gov.br/wp-content/uploads/2023/05/Ficha_Requerimento_da_Certidao_Positiva_ou_Circunstanciada.pdf
Cadastros,Empresa,"Cadastro do Comércio, Indústria e Serviços (CCIS) – Inscrição de empresas",http://www.catalogo.sefaz.ms.gov.br/cadastro-do-comercio-industria-e-servicos-ccis-inscricao/
Cadastros,Empresa,"Cadastro do Comércio, Indústria e Serviços (CCIS) – Inscrição de Cerealista",http://www.catalogo.sefaz.ms.gov.br/cadastro-do-comercio-industria-e-servicos-ccis-inscricao-de-cerealista/
Cadastros,Empresa,"Cadastro do Comércio, Indústria e Serviços (CCIS) – Inscrição estadual temporária para empresas do ramo de construção civil",http://www.catalogo.sefaz.ms.gov.br/inscricao-estadual-em-carater-temporario-ou-provisorio-de-empresas-de-construcao-civil/
Cadastros,Empresa,"Cadastro do Comércio, Indústria e Serviços (CCIS) – Inscrição de Frigoríficos",http://www.catalogo.sefaz.ms.gov.br/inscricao-estadual-de-frigorificos/
Cadastros,Empresa,"Cadastro do Comércio, Indústria e Serviços (CCIS) – Inscrição de Artesão (CEA – Cadastro Especial de Artesão)",https://www.catalogo.sefaz.ms.gov.br/cadastro-do-comercio-industria-e-servicos-ccis-inscricao-de-artesao-cea-cadastro-especial-de-artesao/
Cadastros,Empresa,"Cadastro do Comércio, Indústria e Serviços (CCIS) – Inscrição de Contribuinte de Outras Unidades da Federação como Substituto Tributário nas operações com Combustíveis líquidos e gasosos e Lubrificantes e respectivas manutenções cadastrais (alteração, baixa e reativação)",http://www.catalogo.sefaz.ms.gov.br/cadastro-de-contribuintes-substitutos-combustiveis-e-lubrificantes/
Cadastros,Empresa,"Cadastro do Comércio, Indústria e Serviços (CCIS) – Inscrição de empresa do ramo de Combustíveis líquidos e gasosos e Lubrificantes",http://www.catalogo.sefaz.ms.gov.br/inscricao-estadual-de-empresa-do-ramo-de-combustiveis-e-lubrificantes/
Cadastros,Empresa,"Cadastro do Comércio, Indústria e Serviços (CCIS) – Inscrição de Contribuinte localizado em outra Unidade da Federação como Substituto Tributário do ICMS mediante Termo de Responsabilidade",http://www.catalogo.sefaz.ms.gov.br/cadastro-de-contribuintes-substitutos-termo-de-acordo-comercio-e-industria/
Cadastros,Empresa,"Cadastro do Comércio, Indústria e Serviços (CCIS) – Inscrição de Contribuinte localizado em outra Unidade da Federação como Substituto Tributário por força de Convênio ou Protocolo",http://www.catalogo.sefaz.ms.gov.br/cadastro-de-contribuintes-substitutos-comercio-e-industria/
Cadastros,Empresa,"Cadastro do Comércio, Indústria e Serviços (CCIS) – Inscrição de Contribuinte localizado em outras Unidades da Federação como responsável pelo recolhimento do ICMS nas operações destinadas a consumidor final (ICMS DIFCON)",http://www.catalogo.sefaz.ms.gov.br/cadastro-de-contribuintes-outras-ufs-vendas-a-consumidor-final/
Cadastros,Empresa,"Cadastro do Comércio, Indústria e Serviços (CCIS) – Alteração de dados cadastrais",http://www.catalogo.sefaz.ms.gov.br/alteracao-de-dados-cadastrais-exceto-endereco-no-cadastro-de-comercio-industria-e-servicos-ccis/
Cadastros,Empresa,"Cadastro do Comércio, Indústria e Serviços (CCIS) – Reativação da inscrição estadual",http://www.catalogo.sefaz.ms.gov.br/reativacao-da-inscricao-estadual-do-cadastro-de-comercio-industria-e-servicos-ccis/
Cadastros,Empresa,"Cadastro do Comércio, Indústria e Serviços (CCIS) – Baixa da inscrição estadual",http://www.catalogo.sefaz.ms.gov.br/baixa-da-inscricao-estadual-ccis/
Cadastros,Empresa,"Cadastro do Comércio, Indústria e Serviços (CCIS) – Suspensão da eficácia temporária a pedido do Contribuinte e sua prorrogação",http://www.catalogo.sefaz.ms.gov.br/inscricao-estadual-no-cadastro-de-comercio-indutria-e-servicos-ccis-suspensao-da-eficacia-temporaria-a-pedido-do-contribuinte/
Cadastros,Empresa,Cadastro de Contabilistas – Inclusão e alteração de dados do contabilista,http://www.catalogo.sefaz.ms.gov.br/inclusao-e-alteracao-de-cadastro-de-contabilistas/
Cadastros,Empresa,Comunicação pelo Contabilista das hipóteses de que trata o inciso III do artigo 1º da Portaria/SAT Nº 1.834/ 2007,http://www.catalogo.sefaz.ms.gov.br/comunicacao-pelo-contabilista-das-hipoteses-de-que-trata-o-inciso-iii-do-artigo-1o-da-portariasat-no-1-834-de-1201-2007/
Cadastros,Empresa,"Portal ICMS Transparente – Vinculação entre Matriz, Filiais e Sócios",https://www.catalogo.sefaz.ms.gov.br/portal-icms-transparente-vinculacao-entre-matriz-filiais-e-socios/
Escrituração Fiscal Digital,Empresa,Escrituração Fiscal Digital (EFD) – Entrega,http://www.catalogo.sefaz.ms.gov.br/entrega-da-escrituracao-fiscal-digital-efd/
Escrituração Fiscal Digital,Empresa,Escrituração Fiscal Digital (EFD) – Retificação,http://www.catalogo.sefaz.ms.gov.br/retificacao-de-escrituracao-fiscal-digital-efd/
Escrituração Fiscal Digital,Empresa,Escrituração Fiscal Digital (EFD) – Baixa de notificação,http://www.catalogo.sefaz.ms.gov.br/baixa-de-notificacao-por-falta-de-entrega-de-escrituracao-fiscal-digital-efd/
Escrituração Fiscal Digital,Empresa,Escrituração Fiscal Digital (EFD) – Dispensa de entrega,http://www.catalogo.sefaz.ms.gov.br/dispensa-de-entrega-de-escrituracao-fiscal-digital-efd/
Escrituração Fiscal Digital,Empresa,Livros Fiscais – Autenticação,http://www.catalogo.sefaz.ms.gov.br/autenticacao-de-livros-fiscais/
Auto de Lançamento e Processo Administrativo Tributário,Empresa,Auto de Lançamento e de Imposição de Multa (ALIM) – Impugnação,http://www.catalogo.sefaz.ms.gov.br/impugnacao-ao-auto-de-lancamento-e-de-imposicao-de-multa-alim/
Auto de Lançamento e Processo Administrativo Tributário,Empresa,Processo Administrativo Tributário (PAT) – Aditamento de razões pelo sujeito passivo,http://www.catalogo.sefaz.ms.gov.br/aditamento-de-razoes-pelo-sujeito-passivo/
Auto de Lançamento e Processo Administrativo Tributário,Empresa,Processo Administrativo Tributário (PAT) – Manifestações em face de despacho saneador,http://www.catalogo.sefaz.ms.gov.br/manifestacoes-em-face-de-despacho-saneador/
Auto de Lançamento e Processo Administrativo Tributário,Empresa,Processo Administrativo Tributário (PAT) – Interposição de Agravo em face da não admissibilidade da impugnação pela 1ª instância,http://www.catalogo.sefaz.ms.gov.br/agravo-em-face-da-nao-admissibilidade-da-impugnacao/
Auto de Lançamento e Processo Administrativo Tributário,Empresa,Processo Administrativo Tributário (PAT) – Interposição de Pedido de Esclarecimento em face do resultado de julgamento em 1ª ou 2ª instância,http://www.catalogo.sefaz.ms.gov.br/pedido-de-esclarecimento-em-face-do-resultado-das-decisoes-em-1a-ou-2a-instancia/
Auto de Lançamento e Processo Administrativo Tributário,Empresa,Processo Administrativo Tributário (PAT) – Interposição de Recurso Voluntário ao Tribunal Administrativo Tributário (TAT) em face de decisão proferida em 1ª Instância,http://www.catalogo.sefaz.ms.gov.br/recurso-voluntario-apresentado-contra-decisao-proferida-em-1a-instancia/
Auto de Lançamento e Processo Administrativo Tributário,Empresa,Processo Administrativo Tributário (PAT) – Interposição de Recurso Especial ao Tribunal Administrativo Tributário (TAT) em face de decisão proferida em 2ª Instância,http://www.catalogo.sefaz.ms.gov.br/recurso-especial-apresentado-contra-decisao-proferida-em-2a-instancia/
Auto de Lançamento e Processo Administrativo Tributário,Empresa,"Processo Administrativo Tributário (PAT) – Solicitação de vista, cópias ou certidões",http://www.catalogo.sefaz.ms.gov.br/processos-adminstrativos-tributarios-solicitacao-de-vistas-copias-eou-certidoes/
Auto de Lançamento e Processo Administrativo Tributário,Empresa,Processo Administrativo Tributário (PAT) – Pedido de esclarecimento em face da decisão de admissibilidade de recurso especial proferida pelo presidente do Tribunal Administrativo Tributário,http://www.catalogo.sefaz.ms.gov.br/processo-administrativo-tributario-pat-pedido-de-esclarecimento-em-face-da-decisao-de-admissibilidade-de-recurso-especial-proferida-pelo-presidente-do-tribunal-administrativo-tributario/
Emissão de Documento de Documento de Arrecadação Estadual de MS – DAEMS,Empresa,Documento de Arrecadação do Estado de Mato Grosso do Sul (DAEMS) – Emissão,https://www.catalogo.sefaz.ms.gov.br/documento-de-arrecadacao-do-estado-de-mato-grosso-do-sul-daems-emissao/
Emissão de Documento de Documento de Arrecadação Estadual de MS – DAEMS,Empresa,Documento de Arrecadação do Estado de Mato Grosso do Sul (DAEMS) – Retificação ou Apostilamento,http://www.catalogo.sefaz.ms.gov.br/daems-documento-de-arrecadacao-do-estado-de-mato-grosso-do-sul-retificacao-ou-apostilamento/
Emissão de Documento de Documento de Arrecadação Estadual de MS – DAEMS,Empresa,Requerimento da Certidão Positiva ou Circunstanciada,https://www.sefaz.ms.gov.br/wp-content/uploads/2023/05/Ficha_Requerimento_da_Certidao_Positiva_ou_Circunstanciada.pdf
ICMS,Empresa,"ICMS – Cálculo para recolhimento espontâneo (Normal, Transporte, Equalização e Substituição Tributária)",http://www.catalogo.sefaz.ms.gov.br/calculo-para-recolhimento-espontaneo-de-icms/
ICMS,Empresa,Pedido de Parcelamento de Débito (PPD) Relativo ao ICMS – Autoparcelamento,https://www.catalogo.sefaz.ms.gov.br/pedido-de-parcelamento-de-debito-ppd-relativo-ao-icms-autoparcelamento/
ICMS,Empresa,ICMS – Compensação Centralizada de Saldos Devedores e Credores,http://www.catalogo.sefaz.ms.gov.br/compensacao-centralizada-de-saldos-devedores-e-credores-de-icms/
ICMS,Empresa,ICMS – Homologação de crédito de equivalência de exportação,http://www.catalogo.sefaz.ms.gov.br/homologacao-de-credito-fiscal-de-icms-de-exportacao/
ICMS,Empresa,"ICMS – Homologação de crédito fiscal de contribuinte inscrito no Cadastro do Comércio, Indústria e Serviços (CCIS)",https://www.catalogo.sefaz.ms.gov.br/icms-homologacao-de-credito-fiscal-de-contribuinte-inscrito-no-cadastro-do-comercio-industria-e-servicos-ccis/
ICMS,Empresa,ICMS – Homologação de transferência de crédito realizada por distribuidora de combustíveis,http://www.catalogo.sefaz.ms.gov.br/homologacao-de-transferencia-de-credito-realizada-por-distribuidora-de-combustiveis/
ICMS,Empresa,ICMS ST – Homologação de Crédito por Venda de Combustível ao Estado do Mato Grosso do Sul,http://www.catalogo.sefaz.ms.gov.br/homologacao-de-credito-por-venda-de-combustivel-ao-estado-do-mato-grosso-do-sul/
ICMS,Empresa,ICMS ST – Pedido de Ressarcimento – Subanexo II ao Anexo III do RICMS,https://www.catalogo.sefaz.ms.gov.br/icms-st-pedido-de-ressarcimento-do-icms-st-nos-termos-do-subanexo-ii-ao-anexo-iii-do-ricms/
ICMS,Empresa,ICMS ST – Pedido de Ressarcimento – Art. 12 do Anexo III do RICMS,https://www.catalogo.sefaz.ms.gov.br/?p=6011&preview=true
ICMS,Empresa,ICMS ST – Dispensa da cobrança nas aquisições interestaduais de mercadorias a serem vendidas a órgãos da Administração Pública Estadual Direta e suas Fundações e Autarquias,http://www.catalogo.sefaz.ms.gov.br/compras-governamentais-isencao-de-icmsst-em-aquisicoes-de-mercadorias-a-serem-vendidas-a-orgao-governamental/
ICMS,Empresa,ICMS Importação – Inclusão de item na listagem de matéria–prima/mercadoria para fins de diferimento do imposto – Benefício previsto em Termo de Acordo,http://www.catalogo.sefaz.ms.gov.br/icms-importacao-inclusao-de-item-na-listagem-de-materia-prima-mercadoria-para-fins-de-diferimento-do-imposto-beneficio-previsto-em-termo-de-acordo/
ICMS,Empresa,ICMS importação – Dispensa da cobrança de ICMS sobre a importação de bens de uso exclusivo em processo de produção industrial ou agropecuária,http://www.catalogo.sefaz.ms.gov.br/dispensa-da-cobranca-de-icms-sobre-a-importacao-de-bens-de-producao/
ICMS,Empresa,ICMS Diferencial de Alíquotas – Dispensa da cobrança na aquisição de maquinário por industrial ou produtor rural,http://www.catalogo.sefaz.ms.gov.br/dispensa-da-cobranca-do-icms-diferencial-de-aliquota-na-aquisicao-de-maquinario-por-industrial-ou-produtor-rural/
ICMS,Empresa,ICMS – Homologação de ressarcimento do ICMS referente às operações de B100 efetuadas por produtor de biocombustível localizado em MS,https://www.catalogo.sefaz.ms.gov.br/icms-homologacao-de-ressarcimento-do-icms-referente-as-operacoes-de-b100-efetuadas-por-produtor-de-biocombustivel-localizado-em-ms/
Documentos Fiscais Eletrônicos,Empresa,"Nota Fiscal Eletrônica (NF-e), Modelo 55 – Pedido de cancelamento extemporâneo",https://www.catalogo.sefaz.ms.gov.br/nota-fiscal-eletronica-nf-e-modelo-55-pedido-de-cancelamento-extemporaneo/
Documentos Fiscais Eletrônicos,Empresa,Nota Fiscal Avulsa Eletrônica (NFA-e) – Cancelamento dentro do prazo de 24h,https://www.catalogo.sefaz.ms.gov.br/nota-fiscal-avulsa-eletronica-nfa-e-cancelamento-dentro-do-prazo-de-24h/
Documentos Fiscais Eletrônicos,Empresa,Nota Fiscal Avulsa Eletrônica (NFA-e) – Cancelamento extemporâneo,https://www.catalogo.sefaz.ms.gov.br/nota-fiscal-avulsa-eletronica-nfa-e-cancelamento-extemporaneo/
Documentos Fiscais Eletrônicos,Empresa,Nota Fiscal – Revalidação do prazo de validade,http://www.catalogo.sefaz.ms.gov.br/nota-fiscal-revalidacao-de-prazo-de-validade/
Documentos Fiscais Eletrônicos,Empresa,Nota Fiscal Eletrônica (NFe) – Pedido de Reabilitação para Emissão,https://www.catalogo.sefaz.ms.gov.br/6029-2/
Documentos Fiscais Eletrônicos,Empresa,Nota Fiscal de empresas – Cancelamento por motivo de extravio,http://www.catalogo.sefaz.ms.gov.br/cancelamento-por-motivo-de-extravio-de-nota-fiscal-de-empresas/
Documentos Fiscais Eletrônicos,Empresa,"Conhecimento de Transporte Eletrônico – CT–e, Modelo 57 e Conhecimento de Transporte Eletrônico para Outros Serviços – CT–e OS, Modelo 67 – Pedido de Cancelamento Extemporâneo",http://www.catalogo.sefaz.ms.gov.br/conhecimento-de-transporte-para-outros-servicos-ct-e-os-modelo-67-pedido-de-cancelamento-extemporaneo/
Documentos Fiscais Eletrônicos,Empresa,Pedido de Aquisição de Formulário de Segurança (PAFS),http://www.catalogo.sefaz.ms.gov.br/pedido-para-aquisicao-de-formulario-de-seguranca-pafs/
Documentos Fiscais Eletrônicos,Empresa,"Manifesto Eletrônico de Documentos Fiscais, Modelo 58 – Pedido de Cancelamento Extemporâneo",http://www.catalogo.sefaz.ms.gov.br/manifesto-eletronico-de-documentos-fiscais-modelo-58-pedido-de-cancelamento-extemporaneo/
Documentos Fiscais Eletrônicos,Empresa,Documentos Fiscais – Inutilização por vencimento ou não utilização,http://www.catalogo.sefaz.ms.gov.br/inutilizacao-de-notas-fiscais-vencidas-ou-nao-utilizadas/
Documentos Fiscais Eletrônicos,Empresa,Autorização para Impressão de Documentos Fiscais (AIDF),http://www.catalogo.sefaz.ms.gov.br/autorizacao-para-impressao-de-documentos-fiscais-aidf/
Documentos Fiscais Eletrônicos,Empresa,Autorização para Impressão de Documentos Fiscais (AIDF) – Cancelamento do pedido,http://www.catalogo.sefaz.ms.gov.br/cancelamento-do-pedido-de-autorizacao-para-impressao-de-documentos-fiscais-aidf/
Documentos Fiscais Eletrônicos,Empresa,Autorização para Impressão de Documentos Fiscais (AIDF) – Comprovação intempestiva,http://www.catalogo.sefaz.ms.gov.br/comprovacao-intempestiva-de-autorizacao-para-impressao-de-documentos-fiscais-aidf/
Documentos Fiscais Eletrônicos,Empresa,Autorização para Impressão de Documentos Fiscais (AIDF) – Quando não concedida por meio eletrônico,http://www.catalogo.sefaz.ms.gov.br/pedido-de-aidf-quando-nao-concedida-por-meio-eletronico/
Documentos Fiscais Eletrônicos,Empresa,"Fornecimento de Dados Fiscais (GIA, SINTEGRA, Documentos Fiscais Eletrônicos)",https://www.catalogo.sefaz.ms.gov.br/6542-2/
Serviços,Empresa,Serviços de A a Z,http://www.catalogo.sefaz.ms.gov.br/servicos-de-a-a-z/
Serviços,Empresa,Carta de Serviços da SEFAZ/MS,http://www.catalogo.sefaz.ms.gov.br/
Serviços,Empresa,Carta de Serviços do Governo do Estado,http://www.cartasdeservicos.ms.gov.br/
Serviços,Empresa,Cadastro no Portal de Serviços e-Fazenda,https://efazenda.servicos.ms.gov.br/e-fazenda/inicio.aspx
Serviços,Empresa,Denúncia Espontânea,http://www.catalogo.sefaz.ms.gov.br/pedido-de-denuncia-espontanea/
Serviços,Empresa,Parcelamentos – Fiscalização,https://www.catalogo.sefaz.ms.gov.br/Geral/fiscalizacao/parcelamentos-fiscalizacao/
Serviços,Empresa,Débito Fiscal – Baixa de notificação CRD,http://www.catalogo.sefaz.ms.gov.br/baixa-de-notificacao-de-debito-fiscal/
Serviços,Empresa,Pendências fiscais e/ou cadastrais – Regularização,http://www.catalogo.sefaz.ms.gov.br/regularizacao-de-pendencias/
Serviços,Empresa,FADEFE/MS (Fundo de Apoio ao Desenvolvimento Econômico e de Equilíbrio Fiscal do Estado) – Baixa de Notificação de Débito,https://www.catalogo.sefaz.ms.gov.br/fadefe-ms-fundo-de-apoio-ao-desenvolvimento-economico-e-de-equilibrio-fiscal-do-estado-baixa-de-notificacao-de-debito/
Serviços,Empresa,SMEPA – Baixa de Notificação,http://www.catalogo.sefaz.ms.gov.br/smepa-baixa-de-notificacao/
Serviços,Empresa,TVF/TA – Termos de Verificação Fiscal ou Apreensão – Baixa ou alteração,http://www.autoatendimento.ms.gov.br/tvf/
Serviços,Empresa,Restituição do indébito tributário – Impugnação em face de despacho denegatório de pedido de restituição,http://www.catalogo.sefaz.ms.gov.br/impugnacao-em-face-do-despacho-denegatorio-de-pedido-de-restituicao/
Serviços,Empresa,Mercadoria Recolhida para Leilão – Entrega ou liberação,http://www.catalogo.sefaz.ms.gov.br/entrega-ou-liberacao-de-mercadoria-depositada-ou-recolhida-para-leilao/
Serviços,Empresa,Valor Real Pesquisado – VRP / PMPF – Preço Médio Ponderado ao Consumidor Final – Atualização da lista do preço médio ponderado,http://www.catalogo.sefaz.ms.gov.br/valor-real-pesquisado-vrp-atualizacao-da-tabela-2/
Serviços,Empresa,Informações Fiscais e Cadastrais – Solicitação,http://www.catalogo.sefaz.ms.gov.br/informacoes-fiscais-e-cadastrais-solicitacao-2/
Serviços,Empresa,Calculadora de Frete,https://servicos.efazenda.ms.gov.br/calculafrete
Serviços,Empresa,Consulta do Cadastro do Comércio e Indústria (CCI),http://servicos.efazenda.ms.gov.br/consultacci
Serviços,Empresa,Destinatários habilitados para receber produtos agrícolas com suspensão/diferimento (Decreto 9.895/2000),https://servicos.efazenda.ms.gov.br/consultapublicagraos
Regimes Especiais e Autorizações Específicas,Empresa,"Regime Especial para facilitar o cumprimento de obrigação acessória (art. 4º, II do Anexo V ao RICMS)",https://www.catalogo.sefaz.ms.gov.br/regime-especial-para-facilitar-o-cumprimento-de-obrigacao-acessoria-art-4o-ii-do-anexo-v-ao-ricms/
Regimes Especiais e Autorizações Específicas,Empresa,"Autorização Específica – Aquisição de produtos agrícolas por empresa industrializadora de ração animal, com diferimento do lançamento e do pagamento do ICMS, na operação interna",http://www.catalogo.sefaz.ms.gov.br/diferimento-do-lancamento-e-do-pagamento-do-icms-na-aquisicao-de-produtos-agricolas-por-empresa-industrializadora-de-racao-animal/
Regimes Especiais e Autorizações Específicas,Empresa,"Autorização Específica – Aquisição de produtos agrícolas por indústria (exceto fabricante de ração animal), com diferimento do lançamento e do pagamento do ICMS, na operação interna",https://www.catalogo.sefaz.ms.gov.br/autorizacao-especifica-aquisicao-de-produtos-agricolas-por-industria-exceto-fabricante-de-racao-animal-com-diferimento-do-lancamento-e-do-pagamento-do-icms-na-operacao-interna/
Regimes Especiais e Autorizações Específicas,Empresa,Autorização Específica – Armazenagem de álcool combustível ou açúcar em outra usina com diferimento do ICMS,http://www.catalogo.sefaz.ms.gov.br/autorizacao-especifica-para-armazenagem-de-alcool-combustivel-ou-acucar-em-outra-usina-com-diferimento-do-icms/
Regimes Especiais e Autorizações Específicas,Empresa,Autorização Específica – Crédito presumido incidente nas operações com energia elétrica e serviços de comunicação,https://www.catalogo.sefaz.ms.gov.br/autorizacao-especifica-credito-presumido-incidente-nas-operacoes-com-energia-eletrica-e-servicos-de-comunicacao/
Regimes Especiais e Autorizações Específicas,Empresa,Autorização Específica – Crédito presumido incidente nas operações com os produtos resultantes da industrialização do leite,http://www.catalogo.sefaz.ms.gov.br/autorizacao-especifica-credito-presumido-incidente-nas-operacoes-com-os-produtos-resultantes-da-industrializacao-do-leite/
Regimes Especiais e Autorizações Específicas,Empresa,Autorização Específica – Crédito presumido nas operações internas ou interestaduais com produtos cerâmicos,http://www.catalogo.sefaz.ms.gov.br/autorizacao-especifica-fruicao-dos-beneficios-de-credito-presumido-e-reducao-de-base-de-calculo/
Regimes Especiais e Autorizações Específicas,Empresa,Autorização Específica – Diferimento do lançamento e do pagamento do ICMS nas operações internas com couro bovino ou bufalino e produtos químicos adquiridos por empresa industrializadora de couro,http://www.catalogo.sefaz.ms.gov.br/diferimento-do-lancamento-e-do-pagamento-do-icms-nas-operacoes-internas-com-couro-bovino-ou-bufalino-e-produtos-quimicos-adquiridos-por-empresa-industrializadora-de-couro/
Regimes Especiais e Autorizações Específicas,Empresa,Autorização Específica – Diferimento do lançamento e pagamento do ICMS incidente na aquisição de gado em pé para abate,http://www.catalogo.sefaz.ms.gov.br/autorizacao-especifica-diferimento-do-lancamento-e-pagamento-do-icms-incidente-na-aquisicao-de-gado-em-pe-para-abate/
Regimes Especiais e Autorizações Específicas,Empresa,Autorização Específica – Dilatação do prazo para pagamento semanal do ICMS devido nas saídas interestaduais,http://www.catalogo.sefaz.ms.gov.br/autorizacao-especifica-de-dilatacao-de-prazo-periodo-semanal-para-pagamento-do-icms-devido-na-saida-interestadual/
Regimes Especiais e Autorizações Específicas,Empresa,Autorização Específica – Distribuidora de medicamentos localizada neste Estado assumir a responsabilidade pelo ICMS–ST devido e adotar Base de Cálculo do ICMS sem aplicação do PMC,http://www.catalogo.sefaz.ms.gov.br/autorizacao-especifica-para-a-distribuidora-de-medicamentos-localizadas-neste-estado-assumir-a-responsabilidade-pelo-icms-st-devido-e-adotar-base-de-calculo-do-icms-sem-aplicacao-do-pmc-2/
Regimes Especiais e Autorizações Específicas,Empresa,Autorização Específica – Redução de base de cálculo nas operações com produtos resultantes da industrialização da mandioca,https://www.catalogo.sefaz.ms.gov.br/autorizacao-especifica-reducao-de-base-de-calculo-nas-operacoes-com-produtos-resultantes-da-industrializacao-da-mandioca/
Regimes Especiais e Autorizações Específicas,Empresa,Autorização Específica – Remessa para industrialização (operação interna) com diferimento do ICMS incidente sobre o valor do serviço de industrialização no retorno dos produtos ao estabelecimento de origem – Dec. 11.236/2003,https://www.catalogo.sefaz.ms.gov.br/autorizacao-especifica-remessa-para-industrializacao-operacao-interna-com-diferimento-do-icms-incidente-sobre-o-valor-do-servico-de-industrializacao-no-retorno-dos-produtos-ao-estabelecime/
Regimes Especiais e Autorizações Específicas,Empresa,"Autorização Específica – Utilização de crédito outorgado nas operações internas realizadas por estabelecimentos comerciais atacadistas, com mercadorias destinadas à comercialização ou à industrialização – Dec. 15.368/2020",https://www.catalogo.sefaz.ms.gov.br/autorizacao-especifica-utilizacao-de-credito-outorgado-nas-operacoes-internas-realizadas-por-estabelecimentos-comerciais-atacadistas-com-mercadorias-destinadas-a-comercializacao-ou-a-indust/
Regimes Especiais e Autorizações Específicas,Empresa,Autorização Específica (Concessão) – Percentual de valor de margem de valor diferenciado para produtos alimentícios,http://www.catalogo.sefaz.ms.gov.br/autorizacao-especifica-concessao-percentual-de-valor-de-margem-de-valor-diferenciado-para-produtos-alimenticios/
Regimes Especiais e Autorizações Específicas,Empresa,"Regime Especial – Dilatação de prazo para pagamento mensal do ICMS diferencial de alíquotas devido na entrada de mercadorias destinadas ao uso, consumo ou ativo fixo (art. 4º, I, B do Anexo V ao RICMS)",http://www.catalogo.sefaz.ms.gov.br/regime-especial-de-dilatacao-do-prazo-de-recolhimento-do-icms-diferencial-de-aliquotas/
Regimes Especiais e Autorizações Específicas,Empresa,"Regime Especial– Dilatação de prazo para pagamento quinzenal do ICMS substituição tributária devido na entrada de mercadorias no Estado de MS (Art. 4º, I, B do Anexo V ao RICMS)",http://www.catalogo.sefaz.ms.gov.br/regime-especial-de-dilatacao-de-prazo-para-pagamento-do-icms-substituicao-tributaria-devido-na-entrada/
Regimes Especiais e Autorizações Específicas,Empresa,"Regime Especial – Dilatação de prazo para pagamento quinzenal do ICMS substituição tributária devido na entrada de mercadorias no Estado de MS – Apenas para concessionárias de veículos ou de máquinas agrícolas (art. 4º, I, b do ANEXO V ao RICMS e art. 5º do Dec. 14.383/2016)",https://www.catalogo.sefaz.ms.gov.br/regime-especial-dilatacao-de-prazo-para-pagamento-quinzenal-do-icms-substituicao-tributaria-devido-na-entrada-de-mercadorias-no-estado-de-ms-apenas-para-concessionarias-de-veiculos/
Regimes Especiais e Autorizações Específicas,Empresa,"Regime Especial de Exportadora – ENTRADA – Permissão para receber mercadorias de operações interestaduais, amparadas pela não-incidência do ICMS, para o fim específico de exportação para o exterior do País (Dec. 11.235/2003)",https://www.catalogo.sefaz.ms.gov.br/regime-especial-de-exportadora-permissao-para-receber-mercadorias-de-operacoes-interestaduais-amparadas-pela-nao-incidencia-do-icms-para-o-fim-especifico-de-exportacao-para-o-exterior-do-p/
Regimes Especiais e Autorizações Específicas,Empresa,"Regime Especial – SAÍDA – Permissão para realizar operações de exportação, de saídas com o fim específico de exportação e de remessas para formação de lote de produtos industrializados ou semielaborados (Dec. 11.803/2005)",https://www.catalogo.sefaz.ms.gov.br/regime-especial-permissao-para-realizar-operacoes-de-exportacao-de-saidas-com-o-fim-especifico-de-exportacao-e-de-remessas-para-formacao-de-lote-de-produtos-in-natura-inclusive-algodao-em/
Regimes Especiais e Autorizações Específicas,Empresa,"Regime Especial (Apenas para Frigoríficos) – SAÍDA – Permissão para realizar operações de exportação, de saídas com o fim específico de exportação e de remessas para formação de lote de produtos industrializados ou semielaborados (Dec. 11.803/2005)",https://www.catalogo.sefaz.ms.gov.br/regime-especial-apenas-para-frigorificos-permissao-para-realizar-operacoes-de-exportacao-de-saidas-com-o-fim-especifico-de-exportacao-e-de-remessas-para-formacao-de-lote-de-produtos-indus/
Regimes Especiais e Autorizações Específicas,Empresa,"Regime Especial (Apenas para Indústrias de Combustíveis e Usinas de Açúcar e Álcool) – SAÍDA Permissão para realizar operações de exportação, de saídas com o fim específico de exportação e de remessas para formação de lote de produtos industrializados ou semielaborados (Dec. 11.803/2005)",https://www.catalogo.sefaz.ms.gov.br/regime-especial-apenas-para-industrias-de-combustiveis-e-usinas-de-acucar-e-alcool-permissao-para-realizar-operacoes-de-exportacao-de-saidas-com-o-fim-especifico-de-exportacao-e-de-remess/
Regimes Especiais e Autorizações Específicas,Empresa,"Regime Especial – SAÍDA – Permissão para realizar operações de exportação, de saídas com o fim específico de exportação e de remessas para formação de lote de produtos in natura, inclusive algodão em pluma (Dec. 11.803/2005)",https://www.catalogo.sefaz.ms.gov.br/regime-especial-permissao-para-realizar-operacoes-de-exportacao-de-saidas-com-o-fim-especifico-de-exportacao-e-de-remessas-para-formacao-de-lote-de-produtos-in-natura-inclusive-algodao-em/
Regimes Especiais e Autorizações Específicas,Empresa,"Regime Especial (Apenas para Cerealista/Comercializador de soja e/ou milho) – SAÍDA – Permissão para realizar operações de exportação, de saídas com o fim específico de exportação e de remessas para formação de lote de produtos in natura soja e milho em grãos (Dec. 11.803/2005)",https://www.catalogo.sefaz.ms.gov.br/regime-especial-apenas-para-cerealista-comercializador-de-soja-e-ou-milho-permissao-para-realizar-operacoes-de-exportacao-de-saidas-com-o-fim-especifico-de-exportacao-e-de-remessas-para-f/
Regimes Especiais e Autorizações Específicas,Empresa,Regime Especial – PROEXPRP Ponta Porã (Art. 5º-A do Dec. 14.426/2016),https://www.catalogo.sefaz.ms.gov.br/regime-especial-proexprp-ponta-pora-art-5o-a-do-dec-14-426-2016/
Regimes Especiais e Autorizações Específicas,Empresa,"Regime Especial – PROEXPRP – Programa de estímulo à exportação pelos Portos do Rio Paraguai (art. 1º, § único, inciso I do Dec. 14.426/2016)",https://www.catalogo.sefaz.ms.gov.br/regime-especial-proexprp-programa-de-estimulo-a-exportacao-pelos-portos-do-rio-paraguai-art-1o-%c2%a7-unico-inciso-i-do-dec-14-426-2016/
Regimes Especiais e Autorizações Específicas,Empresa,"Regime Especial – Substituto tributário do ICMS devido sobre autopeças adquiridas em outra Unidade da Federação – Apenas para atacadistas/distribuidoras de autopeças (Art. 4º, I, c, 4 do Anexo V ao RICMS e art. 5º do Dec. 14.383/2016)",https://www.catalogo.sefaz.ms.gov.br/regime-especial-substituto-tributario-do-icms-devido-sobre-autopecas-adquiridas-em-outra-unidade-da-federacao-apenas-para-atacadistas-distribuidoras-de-autopecas-art-4o-i-c-4/
Regimes Especiais e Autorizações Específicas,Empresa,Regime Especial – Substituto tributário responsável pelo pagamento semanal do ICMS Transporte devido por transportadora de outra UF ou por transportador autônomo (Dec. 14.923/2018),https://www.catalogo.sefaz.ms.gov.br/regime-especial-substituto-tributario-responsavel-pelo-pagamento-semanal-do-icms-transporte-devido-por-transportadora-de-outra-uf-ou-por-transportador-autonomo-dec-14-923-2018/
Regimes Especiais e Autorizações Específicas,Empresa,Regime Especial – Transportador ferroviário deste Estado apurar e recolher o ICMS Transporte por período mensal (art. 50 do Anexo V ao RICMS; Ajuste SINIEF 19/89),https://www.catalogo.sefaz.ms.gov.br/regime-especial-transportador-ferroviario-deste-estado-apurar-e-recolher-o-icms-transporte-por-periodo-mensal-art-50-do-anexo-v-ao-ricms-ajuste-sinief-19-89/
Regimes Especiais e Autorizações Específicas,Empresa,Regime Especial – Transportadora conveniada por meio de Termo de Acordo para atuar como fiel depositária das mercadorias que transporta (Anexo XII ao RICMS),http://www.catalogo.sefaz.ms.gov.br/termo-de-acordo-de-transportadora/
Regimes Especiais e Autorizações Específicas,Empresa,Autorização – Inclusão de franqueadora no regime especial de transportadora conveniada (Anexo XII ao RICMS),https://www.catalogo.sefaz.ms.gov.br/autorizacao-inclusao-de-franqueadora-no-regime-especial-de-transportadora-conveniada-anexo-xii-ao-ricms/
Consulta Tributária,Empresa,Consulta Tributária,https://www.catalogo.sefaz.ms.gov.br/consulta-tributaria/
Simples Nacional e MEI,Empresa,ICMS ST–SN – Revisão da cobrança on-line (REVGAR – até o vencimento),http://www.catalogo.sefaz.ms.gov.br/icms-st-sn-revisao-da-cobranca-on-line/
Simples Nacional e MEI,Empresa,ICMS ST–SN – Revisão da cobrança (SAP – após vencimento),http://www.catalogo.sefaz.ms.gov.br/icms-st-sn-revisao-da-cobranca/
Simples Nacional e MEI,Empresa,ICMS Equalização Simples Nacional – Revisão da cobrança on–line (REVGAR – até o vencimento),http://www.catalogo.sefaz.ms.gov.br/icms-equalizacao-simples-nacional-revisao-da-cobranca-on-line/
Simples Nacional e MEI,Empresa,ICMS Equalização Simples Nacional – Revisão da Cobrança (SAP – após vencimento),http://www.catalogo.sefaz.ms.gov.br/icms-equalizacao-simples-nacional-revisao-da-cobranca/
Simples Nacional e MEI,Empresa,Microempreendedor Individual (MEI) – Reconsideração do ato de desenquadramento do SIMEI,http://www.catalogo.sefaz.ms.gov.br/reconsideracao-do-ato-de-desenquadramento-de-mei/
Simples Nacional e MEI,Empresa,"Simples Nacional – Reconsideração do ato de indeferimento da opção pelo regime tributário diferenciado, simplificado e favorecido",http://www.catalogo.sefaz.ms.gov.br/reconsideracao-do-ato-de-indeferimento-da-opcao-pelo-simples-nacional/
Simples Nacional e MEI,Empresa,"Simples Nacional – Impugnação do ato de indeferimento do pedido de reconsideração da opção pelo regime tributário diferenciado, simplificado e favorecido",http://www.catalogo.sefaz.ms.gov.br/impugnacao-do-ato-de-indeferimento-de-reconsideracao-da-opcao-pelo-simples-nacional/
Simples Nacional e MEI,Empresa,"Simples Nacional – Reconsideração do ato de exclusão do regime tributário diferenciado, simplificado e favorecido",http://www.catalogo.sefaz.ms.gov.br/reconsideracao-do-ato-de-exclusao-do-simples-nacional/
Simples Nacional e MEI,Empresa,"Simples Nacional – Impugnação do indeferimento de reconsideração do ato de exclusão do regime tributário diferenciado, simplificado e favorecido",http://www.catalogo.sefaz.ms.gov.br/impugnacao-do-indeferimento-de-reconsideracao-de-exclusao-do-simples-nacional/
Simples Nacional e MEI,Empresa,"Registro especial e prévio das empresas optantes pelo Simples Nacional que pretendam realizar operações interestaduais com produtos ELENCADOS NO §3º DO ART. 1º DA RESOLUÇÃO/SEFAZ Nº 2.611, DE 12/02/2015",http://www.catalogo.sefaz.ms.gov.br/registro-especial-de-controle-fiscal-de-empresa-optante-pelo-simples-nacional/
Simples Nacional e MEI,Empresa,"Benefício do Decreto Nº 16.177/2023, Microempresas Habilitadas Simples Nacional",https://www.sefaz.ms.gov.br/beneficio-16177/
Guias de Trânsito e de Comércio Internacional,Empresa,Guia para Liberação de Mercadoria Estrangeira sem Comprovação do Recolhimento do ICMS (GLME) – Análise e concessão de visto,http://www.catalogo.sefaz.ms.gov.br/guia-de-liberacao-de-mercadoria-estrangeira-sem-comprovacao-do-recolhimento-do-icms-glme-analise-e-concessao-de-visto/
Guias de Trânsito e de Comércio Internacional,Empresa,Guia de Trânsito – Baixa intempestiva,http://www.catalogo.sefaz.ms.gov.br/baixa-intempestiva-de-guia-de-transito/
Guias de Trânsito e de Comércio Internacional,Empresa,Guia de Trânsito Suspensa – Prorrogação do prazo de suspensão,http://www.catalogo.sefaz.ms.gov.br/guia-de-transito-suspensa-prorrogacao-do-prazo-de-suspensao/
Guias de Trânsito e de Comércio Internacional,Empresa,Guia de Informação e Apuração do ICMS Benefícios Fiscais (GIA–BF)– Baixa de Notificação,http://www.catalogo.sefaz.ms.gov.br/guia-de-informacao-e-apuracao-do-icms-beneficios-fiscais-gia-bf-baixa-de-notificacao/
"Certidões, Atestados, Homologações e Declarações Tributárias",Poder Público,Declaração de Compras para aquisições interestaduais de materiais de construção por consumidor final não contribuinte do ICMS ou por empresas do ramo da construção civil,http://www.catalogo.sefaz.ms.gov.br/declaracao-de-compras-para-aquisicoes-interestaduais-de-materiais-de-construcao-por-consumidor-final-nao-contribuinte-do-icms-ou-por-empresas-do-ramo-da-construcao-civil/
"Certidões, Atestados, Homologações e Declarações Tributárias",Poder Público,Requerimento da Certidão Positiva ou Circunstanciada,https://www.sefaz.ms.gov.br/wp-content/uploads/2023/05/Ficha_Requerimento_da_Certidao_Positiva_ou_Circunstanciada.pdf
ICMS,Poder Público,ICMS Importação – Isenção sobre operações de importação de bens destinados à pesquisa científica e tecnológica,http://www.catalogo.sefaz.ms.gov.br/icms-isencao-sobre-as-operacoes-de-importacao-de-bens-destinados-a-pesquisa-cientifica-e-tecnologica/
Documentos Fiscais Eletrônicos,Poder Público,Emissão de Nota Fiscal Avulsa,http://www.catalogo.sefaz.ms.gov.br/emissao-nota-fiscal-avulsa-eletronica-nfa-e/
Documentos Fiscais Eletrônicos,Poder Público,Procuração – Comunicação de cancelamento,http://www.catalogo.sefaz.ms.gov.br/cancelamento-de-procuracao-2/
Serviços,Poder Público,Impugnação ao Índice de Participação dos Municípios (IPM),https://www.catalogo.sefaz.ms.gov.br/impugnacao-ao-indice-de-participacao-dos-municipios-ipm/
Serviços,Poder Público,Informações Fiscais e Cadastrais – Solicitação,http://www.catalogo.sefaz.ms.gov.br/informacoes-fiscais-e-cadastrais-solicitacao-2/
IPVA,Poder Público,IPVA – Desvinculação de débitos – doação de veículos para órgãos ou entes imunes,https://www.catalogo.sefaz.ms.gov.br/ipva-desvinculacao-de-debitos-doacao-de-veiculos-para-orgaos-ou-entes-imunes/
IPVA,Poder Público,IPVA – Inutilização/Perecimento – Cancelamento de débitos em virtude de inutilização ou perecimento de veículo automotor,https://www.catalogo.sefaz.ms.gov.br/ipva-inutilizacao-perecimento-cancelamento-de-debitos-em-virtude-de-inutilizacao-ou-perecimento-de-veiculo-automotor/
IPVA,Poder Público,IPVA – Imunidade,http://www.catalogo.sefaz.ms.gov.br/ipva-imunidade/
IPVA,Poder Público,"IPVA – Isenções, exceto para veículo rodoviário utilizado como táxi",http://www.catalogo.sefaz.ms.gov.br/isencoes-de-ipva-exceto-para-veiculo-rodoviario-utilizado-como-taxi/
IPVA,Poder Público,IPVA – Desvinculação de débitos anteriores para veículos adquiridos em leilão – Exclusivamente Administrações Públicas e Leiloeiros Oficiais,https://www.catalogo.sefaz.ms.gov.br/ipva-desvinculacao-de-debitos-anteriores-para-veiculos-adquiridos-em-leilao-exclusivamente-administracoes-publicas-e-leiloeiros-oficiais/
Cadastros,Poder Público,Cadastro de Prefeituras no Portal ICMS Transparente,https://www.efazenda.ms.gov.br/cadastroefazenda/home/prefeitura
ITCD,Poder Público,ITCD Causa Mortis – Solicitação de cálculo do imposto sobre inventário (judicial e extrajudicial) e arrolamento,http://www.catalogo.sefaz.ms.gov.br/solicitacao-de-calculo-do-itcd-sobre-inventario-judicial-e-extrajudicial-e-arrolamento/
ITCD,Poder Público,ITCD Doações – Solicitação de cálculo do imposto nas doações de quaisquer bens e direitos,http://www.catalogo.sefaz.ms.gov.br/solicitacao-de-calculo-do-imposto-itcd-nas-doacoes-de-quaisquer-bens-e-direitos/
Consulta Tributária,Poder Público,Certidão Tributária Estadual – Emissão (Certidão Negativa de Débitos Estaduais),https://www.sefaz.ms.gov.br/servicos/certidao-negativa/
Consulta Tributária,Poder Público,Certidão Tributária Estadual – Emissão (Certidão Circunstanciada de Débitos Estaduais),http://www.catalogo.sefaz.ms.gov.br/certidao-tributaria-emissao/
Consulta Tributária,Poder Público,Certidão Tributária Estadual – Emissão (Certidão Positiva de Débitos Estaduais),http://www.catalogo.sefaz.ms.gov.br/certidao-tributaria-emissao/
Consulta Tributária,Poder Público,Consulta Tributária,http://www.catalogo.sefaz.ms.gov.br/consulta-tributaria/
Canais de Atendimento,Poder Público,Fale Conosco,http://www.catalogo.sefaz.ms.gov.br/fale-conosco/
Cadastro,Contabilista,Cadastro de Contabilistas – Inclusão e Alteração de Dados do Contabilista,https://www.catalogo.sefaz.ms.gov.br/cadastro-de-contabilistas-inclusao-e-alteracao-de-dados-do-contabilista/
Cadastro,Contabilista,Portal ICMS Transparente – Cadastro de Contabilista,https://www.catalogo.sefaz.ms.gov.br/portal-icms-transparente-cadastro-de-contabilista/
Cadastro,Contabilista,Ficha de Atualização Cadastral,https://www.sefaz.ms.gov.br/wp-content/uploads/2020/02/Ficha_Atualização_Contabilista.doc
Serviços,Contabilista,Serviços de A a Z,http://www.catalogo.sefaz.ms.gov.br/servicos-de-a-a-z/
Serviços,Contabilista,Carta de Serviços da SEFAZ/MS,http://www.catalogo.sefaz.ms.gov.br/
Serviços,Contabilista,Carta de Serviços do Governo do Estado,http://www.cartasdeservicos.ms.gov.br/
Serviços,Contabilista,Comunicação pelo Contabilista das Hipóteses de que Trata o Inciso III do Artigo1º da Portaria/SAT Nº 1.834/2007,https://www.catalogo.sefaz.ms.gov.br/comunicacao-pelo-contabilista-das-hipoteses-de-que-trata-o-inciso-iii-do-artigo-1o-da-portaria-sat-no-1-834-2007/
"Certidões, Atestados, Homologações e Declarações Tributárias",Contabilista,Termo de Responsabilidade Técnica do Contribuinte e Contabilista,https://servicos.efazenda.ms.gov.br/downloads/arq/Termo-de-Responsabilidade-T%C3%A9cnica-do-contribuinte-e-contador.doc
"Certidões, Atestados, Homologações e Declarações Tributárias",Contabilista,Requerimento da Certidão Positiva ou Circunstanciada,https://www.sefaz.ms.gov.br/wp-content/uploads/2023/05/Ficha_Requerimento_da_Certidao_Positiva_ou_Circunstanciada.pdf
